{"betweenss": 6193.538641686226, "betweeness_norm": 1.0747073656894768, "clustering": 0.2248590818216033, "closeness": 0.3139125982575372, "closeness_norm": 2.7230447454678783e-05, "eigen": 0, "path": [2.807935069680702, 2.807935069680702, 5], "Delta_time": 165057.52727272728}