{"betweenss": 6197.086651053887, "betweeness_norm": 1.0753230188760554, "clustering": 0.22864449429832961, "closeness": 0.3138453104448918, "closeness_norm": 2.722461055212446e-05, "eigen": 0, "path": [2.8097033378816203, 2.8097033378816203, 5], "Delta_time": 107521.75862068965}