{"betweenss": 6198.600225518268, "betweeness_norm": 1.0755856554267416, "clustering": 0.22540081594718708, "closeness": 0.3137923248516748, "closeness_norm": 2.722001430011053e-05, "eigen": 0, "path": [2.8095508557366387, 2.8095508557366387, 5], "Delta_time": 173430.5344827586}