{"betweenss": 6197.493104345573, "betweeness_norm": 1.0753935469492077, "clustering": 0.22506334246488627, "closeness": 0.31381563363452486, "closeness_norm": 2.7222036227838788e-05, "eigen": 0, "path": [2.8090213823089627, 2.8090213823089627, 5], "Delta_time": 127265.01694915254}