{"betweenss": 6195.045363865003, "betweeness_norm": 1.074968813226552, "clustering": 0.22708621651705438, "closeness": 0.3138914842309427, "closeness_norm": 2.7228615911775043e-05, "eigen": 0, "path": [2.808880168632724, 2.808880168632724, 5], "Delta_time": 148232.30508474575}