{"betweenss": 6195.085003035813, "betweeness_norm": 1.0749756914445223, "clustering": 0.2258088900081364, "closeness": 0.31388786599722673, "closeness_norm": 2.7228302046948844e-05, "eigen": 0, "path": [2.808836748879312, 2.808836748879312, 5], "Delta_time": 103631.52542372882}