{"betweenss": 6205.141382600389, "betweeness_norm": 1.0767206817990704, "clustering": 0.22625966267272465, "closeness": 0.31363346434819617, "closeness_norm": 2.7206233895575715e-05, "eigen": 0, "path": [2.8114408638859603, 2.8114408638859603, 6], "Delta_time": 188293.2105263158}