{"betweenss": 6195.612802498072, "betweeness_norm": 1.0750672755941542, "clustering": 0.22629853267558972, "closeness": 0.3138572943149078, "closeness_norm": 2.7225650096713123e-05, "eigen": 0, "path": [2.8083759376493256, 2.8083759376493256, 5], "Delta_time": 118087.875}