{"betweenss": 6198.009454419291, "betweeness_norm": 1.075483144392554, "clustering": 0.22582852260469008, "closeness": 0.31381084658760866, "closeness_norm": 2.7221620973942384e-05, "eigen": 0, "path": [2.8096500856838613, 2.8096500856838613, 5], "Delta_time": 153493.9298245614}