{"betweenss": 6196.963396651909, "betweeness_norm": 1.0753016316818724, "clustering": 0.22583997829819058, "closeness": 0.31382832313424347, "closeness_norm": 2.7223136982498597e-05, "eigen": 0, "path": [2.808881647071666, 2.808881647071666, 5], "Delta_time": 136228.24561403508}