{"betweenss": 6199.234192037433, "betweeness_norm": 1.0756956617619264, "clustering": 0.22535076788571873, "closeness": 0.3137771329789745, "closeness_norm": 2.721869647631618e-05, "eigen": 0, "path": [2.8098295290948756, 2.8098295290948756, 5], "Delta_time": 193241.3392857143}