{"betweenss": 6190.970335675256, "betweeness_norm": 1.0742617113475887, "clustering": 0.2250946685417884, "closeness": 0.3139614691332892, "closeness_norm": 2.723468677422714e-05, "eigen": 0, "path": [2.8065864846624944, 2.8065864846624944, 5], "Delta_time": 157093.24137931035}