{"betweenss": 6189.8423106947475, "betweeness_norm": 1.0740659756260023, "clustering": 0.22631579490574752, "closeness": 0.31401551860043464, "closeness_norm": 2.7239375312320757e-05, "eigen": 0, "path": [2.8073120871753177, 2.8073120871753177, 5], "Delta_time": 159920.375}