{"betweenss": 6195.464307398782, "betweeness_norm": 1.0750415086156477, "clustering": 0.22766695697480221, "closeness": 0.3138769177582494, "closeness_norm": 2.7227352338501777e-05, "eigen": 0, "path": [2.808942864329541, 2.808942864329541, 5], "Delta_time": 174157.61403508772}