{"betweenss": 6201.235146153221, "betweeness_norm": 1.0760428687870167, "clustering": 0.22614752966208032, "closeness": 0.313755786016385, "closeness_norm": 2.7216844727306203e-05, "eigen": 0, "path": [2.811466561408977, 2.811466561408977, 5], "Delta_time": 144994.85}