{"betweenss": 6195.380778905402, "betweeness_norm": 1.0750270146902454, "clustering": 0.22574992681401437, "closeness": 0.3138743016280273, "closeness_norm": 2.7227125401459896e-05, "eigen": 0, "path": [2.80875661380996, 2.80875661380996, 5], "Delta_time": 144801.3620689655}