{"betweenss": 6197.634400208158, "betweeness_norm": 1.075418064710874, "clustering": 0.2260877954578191, "closeness": 0.3138169520857005, "closeness_norm": 2.7222150597302377e-05, "eigen": 0, "path": [2.8094307893717936, 2.8094307893717936, 5], "Delta_time": 124079.63157894737}