{"betweenss": 6193.93564055859, "betweeness_norm": 1.074776253224859, "clustering": 0.225906358953469, "closeness": 0.313917431656946, "closeness_norm": 2.7230866729436657e-05, "eigen": 0, "path": [2.8085603203222247, 2.8085603203222247, 5], "Delta_time": 182374.37288135593}