{"betweenss": 6194.058894960495, "betweeness_norm": 1.074797640419046, "clustering": 0.2256659861715313, "closeness": 0.3139147731125281, "closeness_norm": 2.7230636113161787e-05, "eigen": 0, "path": [2.808603234344033, 2.808603234344033, 5], "Delta_time": 115211.79661016949}