{"betweenss": 6200.680371237749, "betweeness_norm": 1.0759466038369745, "clustering": 0.22576417347146527, "closeness": 0.31374511065701793, "closeness_norm": 2.7215918689887093e-05, "eigen": 0, "path": [2.810326922036973, 2.810326922036973, 5], "Delta_time": 103619.53571428571}