{"betweenss": 6198.9156041287, "betweeness_norm": 1.0756403801544399, "clustering": 0.22843559620948917, "closeness": 0.31378020933188333, "closeness_norm": 2.7218963335520833e-05, "eigen": 0, "path": [2.8094907548662236, 2.8094907548662236, 5], "Delta_time": 107192.10909090909}