{"betweenss": 6199.4613583138225, "betweeness_norm": 1.0757350798207441, "clustering": 0.2261038859392378, "closeness": 0.31378530402016575, "closeness_norm": 2.7219405275864536e-05, "eigen": 0, "path": [2.810304557157815, 2.810304557157815, 5], "Delta_time": 132066.0}