{"betweenss": 6201.479313036679, "betweeness_norm": 1.0760852368036535, "clustering": 0.22668983486000396, "closeness": 0.31372749442759207, "closeness_norm": 2.721439056450315e-05, "eigen": 0, "path": [2.810723408470652, 2.810723408470652, 6], "Delta_time": 191791.72727272726}