{"betweenss": 6201.8617399601135, "betweeness_norm": 1.0761515958037553, "clustering": 0.2270807111595138, "closeness": 0.31370744717196286, "closeness_norm": 2.721265155898359e-05, "eigen": 0, "path": [2.81041869905431, 2.81041869905431, 6], "Delta_time": 209816.0655737705}