{"betweenss": 6195.780032960379, "betweeness_norm": 1.075096293546572, "clustering": 0.22621890506606157, "closeness": 0.3138791809025437, "closeness_norm": 2.722754865566844e-05, "eigen": 0, "path": [2.8094548233795327, 2.8094548233795327, 5], "Delta_time": 68898.06666666667}