{"betweenss": 6197.714372452059, "betweeness_norm": 1.0754319415532685, "clustering": 0.22683456028148147, "closeness": 0.3138312267979241, "closeness_norm": 2.722338886172141e-05, "eigen": 0, "path": [2.810022123615957, 2.810022123615957, 6], "Delta_time": 125548.42857142857}