{"betweenss": 6202.118397085606, "betweeness_norm": 1.0761961311363346, "clustering": 0.22519330870599175, "closeness": 0.3137085918506492, "closeness_norm": 2.7212750854497647e-05, "eigen": 0, "path": [2.810813170662687, 2.810813170662687, 5], "Delta_time": 99198.46153846153}