{"betweenss": 6197.675427183625, "betweeness_norm": 1.075425183741729, "clustering": 0.22578801310999663, "closeness": 0.31363476993258105, "closeness_norm": 2.7206347148905464e-05, "eigen": 0, "path": [2.810309419944309, 2.810309419944309, 5], "Delta_time": 144870.81967213115}