{"betweenss": 6192.70569867291, "betweeness_norm": 1.0745628328071726, "clustering": 0.2267973801749924, "closeness": 0.3139364396169227, "closeness_norm": 2.7232515580926778e-05, "eigen": 0, "path": [2.8078498043193694, 2.8078498043193694, 5], "Delta_time": 109664.36206896552}