{"betweenss": 6200.063665539108, "betweeness_norm": 1.075839592612037, "clustering": 0.22648038128435546, "closeness": 0.3137603845394835, "closeness_norm": 2.7217243627644494e-05, "eigen": 0, "path": [2.810131739177664, 2.810131739177664, 5], "Delta_time": 133471.18644067796}