{"betweenss": 6199.686182669788, "betweeness_norm": 1.0757740915078104, "clustering": 0.22702982742070626, "closeness": 0.31374838968793994, "closeness_norm": 2.7216203130459744e-05, "eigen": 0, "path": [2.809231699496431, 2.809231699496431, 5], "Delta_time": 130498.61403508772}