{"betweenss": 6194.691560412902, "betweeness_norm": 1.074907420992152, "clustering": 0.225915923502024, "closeness": 0.31389219041645894, "closeness_norm": 2.7228677170060658e-05, "eigen": 0, "path": [2.808544898782675, 2.808544898782675, 5], "Delta_time": 203361.131147541}