{"betweenss": 6201.741868332041, "betweeness_norm": 1.0761307955909807, "clustering": 0.22650058024979128, "closeness": 0.3136993721535559, "closeness_norm": 2.721195108896229e-05, "eigen": 0, "path": [2.809869422214331, 2.809869422214331, 5], "Delta_time": 176344.7894736842}