{"betweenss": 6199.93867638129, "betweeness_norm": 1.0758179044017409, "clustering": 0.2262520211891874, "closeness": 0.3137498030067836, "closeness_norm": 2.7216325729249256e-05, "eigen": 0, "path": [2.809657071657401, 2.809657071657401, 5], "Delta_time": 156230.11475409835}