{"betweenss": 6194.78888021511, "betweeness_norm": 1.0749243079955868, "clustering": 0.2282490730553329, "closeness": 0.3138931913709324, "closeness_norm": 2.7228763998172646e-05, "eigen": 0, "path": [2.8086112155734564, 2.8086112155734564, 5], "Delta_time": 145563.2131147541}