{"betweenss": 6195.396998872393, "betweeness_norm": 1.0750298291908134, "clustering": 0.228393890323091, "closeness": 0.3138674273678697, "closeness_norm": 2.722652909159185e-05, "eigen": 0, "path": [2.808417395722701, 2.808417395722701, 5], "Delta_time": 145240.1551724138}