{"betweenss": 6195.697198369347, "betweeness_norm": 1.0750819200276098, "clustering": 0.22405581811097147, "closeness": 0.3138673504493482, "closeness_norm": 2.7226522419270505e-05, "eigen": 0, "path": [2.8088563971459086, 2.8088563971459086, 5], "Delta_time": 169260.0}