{"betweenss": 6201.907190562953, "betweeness_norm": 1.0761594824256857, "clustering": 0.22524341245152435, "closeness": 0.3137156169993157, "closeness_norm": 2.7213360253237027e-05, "eigen": 0, "path": [2.8107334965662667, 2.8107334965662667, 5], "Delta_time": 107371.5}