{"betweenss": 6194.972330644436, "betweeness_norm": 1.074956140448575, "clustering": 0.22516795504632553, "closeness": 0.31387829358128183, "closeness_norm": 2.7227471684705158e-05, "eigen": 0, "path": [2.8083814983422446, 2.8083814983422446, 5], "Delta_time": 102715.4827586207}