{"betweenss": 6196.739352936096, "betweeness_norm": 1.0752627554520524, "clustering": 0.2253260892319748, "closeness": 0.31385484933364843, "closeness_norm": 2.722543800604155e-05, "eigen": 0, "path": [2.809678537455339, 2.809678537455339, 6], "Delta_time": 154089.42105263157}