{"betweenss": 6190.344175557331, "betweeness_norm": 1.074153059584873, "clustering": 0.2280785825086991, "closeness": 0.3140196129790395, "closeness_norm": 2.723973048048601e-05, "eigen": 0, "path": [2.8080411778052445, 2.8080411778052445, 6], "Delta_time": 99469.19298245614}