{"betweenss": 6195.0896868765785, "betweeness_norm": 1.0749765041880035, "clustering": 0.22755084545142848, "closeness": 0.31388225815208676, "closeness_norm": 2.7227815592651543e-05, "eigen": 0, "path": [2.80867860798382, 2.80867860798382, 5], "Delta_time": 70228.24193548386}