{"betweenss": 6197.174689912388, "betweeness_norm": 1.075338295443335, "clustering": 0.22733166142449132, "closeness": 0.3138298198535911, "closeness_norm": 2.722326681589102e-05, "eigen": 0, "path": [2.8091567699381983, 2.8091567699381983, 5], "Delta_time": 126682.69491525424}