{"betweenss": 6201.2632491977165, "betweeness_norm": 1.0760477452479067, "clustering": 0.2270362971526675, "closeness": 0.31372376192470064, "closeness_norm": 2.7214066787361354e-05, "eigen": 0, "path": [2.810278972753279, 2.810278972753279, 5], "Delta_time": 255287.5}