{"betweenss": 6207.072252580438, "betweeness_norm": 1.0770557277735626, "clustering": 0.22584512316625158, "closeness": 0.31357465464511936, "closeness_norm": 2.720113242931309e-05, "eigen": 0, "path": [2.811783524611612, 2.811783524611612, 5], "Delta_time": 79843.10169491525}