{"betweenss": 6199.614537253872, "betweeness_norm": 1.0757616595427197, "clustering": 0.22782240652209043, "closeness": 0.31377535610565427, "closeness_norm": 2.7218542340879125e-05, "eigen": 0, "path": [2.8101309186003123, 2.8101309186003123, 5], "Delta_time": 242487.01694915254}