{"betweenss": 6196.237488073598, "betweeness_norm": 1.0751756714931788, "clustering": 0.2268078386003216, "closeness": 0.3138559782110257, "closeness_norm": 2.7225535930866174e-05, "eigen": 0, "path": [2.809057560652621, 2.809057560652621, 5], "Delta_time": 148986.0357142857}