{"betweenss": 6191.784283112132, "betweeness_norm": 1.0744029481035575, "clustering": 0.2260784582450138, "closeness": 0.3139629671800185, "closeness_norm": 2.7234816722763513e-05, "eigen": 0, "path": [2.807652232843395, 2.807652232843395, 5], "Delta_time": 175338.4827586207}