{"betweenss": 6194.122040072883, "betweeness_norm": 1.0748085974052346, "clustering": 0.22778504055885915, "closeness": 0.3139012872242765, "closeness_norm": 2.7229466275527283e-05, "eigen": 0, "path": [2.8081986103795673, 2.8081986103795673, 5], "Delta_time": 136102.9814814815}