{"betweenss": 6195.505507849757, "betweeness_norm": 1.0750486577481173, "clustering": 0.22516598067710092, "closeness": 0.31386020342046705, "closeness_norm": 2.7225902447993295e-05, "eigen": 0, "path": [2.8083739564350436, 2.8083739564350436, 5], "Delta_time": 67114.47272727273}