{"betweenss": 6197.49561974152, "betweeness_norm": 1.0753939834225568, "clustering": 0.22569671291902002, "closeness": 0.3138123835017268, "closeness_norm": 2.7221754294043088e-05, "eigen": 0, "path": [2.8089125061732547, 2.8089125061732547, 5], "Delta_time": 137810.90566037735}