{"betweenss": 6204.526151444207, "betweeness_norm": 1.0766139264378052, "clustering": 0.22431161791560097, "closeness": 0.3136390159159635, "closeness_norm": 2.720671546807463e-05, "eigen": 0, "path": [2.8109768682387317, 2.8109768682387317, 5], "Delta_time": 147069.75}