{"betweenss": 6200.295255442818, "betweeness_norm": 1.0758797782619054, "clustering": 0.22456304921599288, "closeness": 0.3137445897870894, "closeness_norm": 2.721587350686063e-05, "eigen": 0, "path": [2.809912629458323, 2.809912629458323, 5], "Delta_time": 151143.8679245283}