{"betweenss": 6194.286408188049, "betweeness_norm": 1.0748371186810857, "clustering": 0.22551474417304387, "closeness": 0.3138978721333026, "closeness_norm": 2.7229170032382325e-05, "eigen": 0, "path": [2.8083177329104583, 2.8083177329104583, 5], "Delta_time": 120458.81666666667}