{"betweenss": 6197.924798334698, "betweeness_norm": 1.0754684548066813, "clustering": 0.22783152619966424, "closeness": 0.31381681102727504, "closeness_norm": 2.722213836114464e-05, "eigen": 0, "path": [2.809610059918734, 2.809610059918734, 5], "Delta_time": 138309.7142857143}