{"betweenss": 6192.137479399776, "betweeness_norm": 1.0744642349823281, "clustering": 0.2283780913183375, "closeness": 0.31396234993062694, "closeness_norm": 2.7234763179270262e-05, "eigen": 0, "path": [2.80812462553204, 2.80812462553204, 5], "Delta_time": 83663.55932203389}