{"betweenss": 6199.7722265591265, "betweeness_norm": 1.0757890219065698, "clustering": 0.22611242533542802, "closeness": 0.3137709737502651, "closeness_norm": 2.7218162192077087e-05, "eigen": 0, "path": [2.8102380426096683, 2.8102380426096683, 5], "Delta_time": 160782.93103448275}