{"betweenss": 6190.539682539715, "betweeness_norm": 1.0741869840997922, "clustering": 0.2274345375061412, "closeness": 0.31399513628326275, "closeness_norm": 2.723760724178224e-05, "eigen": 0, "path": [2.8073522313990797, 2.8073522313990797, 5], "Delta_time": 113954.94736842105}