{"betweenss": 6199.04033307311, "betweeness_norm": 1.075662023212314, "clustering": 0.22426167231773128, "closeness": 0.3137833734785364, "closeness_norm": 2.721923781042143e-05, "eigen": 0, "path": [2.8097104238569863, 2.8097104238569863, 5], "Delta_time": 125734.24137931035}