{"betweenss": 6198.518258305193, "betweeness_norm": 1.0755714324158407, "clustering": 0.22587729797544923, "closeness": 0.31379235599046335, "closeness_norm": 2.7220017001254612e-05, "eigen": 0, "path": [2.8094619687815356, 2.8094619687815356, 5], "Delta_time": 130633.82142857143}