{"betweenss": 6195.311562147629, "betweeness_norm": 1.0750150041477007, "clustering": 0.22713538937981667, "closeness": 0.31388320813485904, "closeness_norm": 2.7227897999206952e-05, "eigen": 0, "path": [2.8088704675315794, 2.8088704675315794, 6], "Delta_time": 86731.22413793103}