{"betweenss": 6198.298898430057, "betweeness_norm": 1.0755333689294997, "clustering": 0.22687093457709853, "closeness": 0.31379369770505006, "closeness_norm": 2.7220133388710115e-05, "eigen": 0, "path": [2.809190239467162, 2.809190239467162, 5], "Delta_time": 187943.56603773584}