{"betweenss": 6193.259519472638, "betweeness_norm": 1.0746589321983449, "clustering": 0.22624660444391625, "closeness": 0.31392049282730056, "closeness_norm": 2.723113227162569e-05, "eigen": 0, "path": [2.8078530971047315, 2.8078530971047315, 5], "Delta_time": 96156.44067796611}