{"betweenss": 6193.866337063043, "betweeness_norm": 1.074764227631509, "clustering": 0.22649104952660384, "closeness": 0.31391121763855984, "closeness_norm": 2.7230327692449756e-05, "eigen": 0, "path": [2.808249839567367, 2.808249839567367, 5], "Delta_time": 130430.37735849057}