{"betweenss": 6198.177118570554, "betweeness_norm": 1.0755122375989965, "clustering": 0.2280876737548269, "closeness": 0.31381419947677597, "closeness_norm": 2.722191182137209e-05, "eigen": 0, "path": [2.8098280334023658, 2.8098280334023658, 5], "Delta_time": 104886.03389830509}