{"betweenss": 6195.593980397245, "betweeness_norm": 1.0750640095694164, "clustering": 0.22493575579357705, "closeness": 0.31386151308981736, "closeness_norm": 2.7226016055674737e-05, "eigen": 0, "path": [2.808545555081507, 2.808545555081507, 5], "Delta_time": 117234.375}