{"betweenss": 6195.157515829663, "betweeness_norm": 1.074988273917671, "clustering": 0.2257705330248653, "closeness": 0.3138715700756036, "closeness_norm": 2.7226888452082405e-05, "eigen": 0, "path": [2.808359774944455, 2.808359774944455, 5], "Delta_time": 145214.2068965517}