{"betweenss": 6202.084742822408, "betweeness_norm": 1.0761902914239274, "clustering": 0.226611346567029, "closeness": 0.3137063613007209, "closeness_norm": 2.7212557364739895e-05, "eigen": 0, "path": [2.810678276565957, 2.810678276565957, 5], "Delta_time": 85498.66666666667}