{"betweenss": 6204.464047185303, "betweeness_norm": 1.0766031500612818, "clustering": 0.22649178229126543, "closeness": 0.3136581360274715, "closeness_norm": 2.720837404818467e-05, "eigen": 0, "path": [2.8116676000683265, 2.8116676000683265, 5], "Delta_time": 148587.2786885246}