{"betweenss": 6203.830861306266, "betweeness_norm": 1.0764932791833484, "clustering": 0.2260383186181938, "closeness": 0.3136550302459551, "closeness_norm": 2.7208104636186334e-05, "eigen": 0, "path": [2.8107677199680485, 2.8107677199680485, 5], "Delta_time": 193327.62264150943}