{"betweenss": 6193.742475496563, "betweeness_norm": 1.0747427350816925, "clustering": 0.22593433116572817, "closeness": 0.3139236534474362, "closeness_norm": 2.7231406440617325e-05, "eigen": 0, "path": [2.808653669358624, 2.808653669358624, 5], "Delta_time": 223188.9827586207}