{"betweenss": 6206.3233584873215, "betweeness_norm": 1.076925779121483, "clustering": 0.2269306685366757, "closeness": 0.31358954223513524, "closeness_norm": 2.7202423858009683e-05, "eigen": 0, "path": [2.8113511618653613, 2.8113511618653613, 5], "Delta_time": 115867.78333333334}