{"betweenss": 6191.323618700633, "betweeness_norm": 1.074323013277154, "clustering": 0.2256110959872985, "closeness": 0.31398146867358695, "closeness_norm": 2.723642164066514e-05, "eigen": 0, "path": [2.8078536325576793, 2.8078536325576793, 5], "Delta_time": 211254.96666666667}