{"betweenss": 6202.363691560419, "betweeness_norm": 1.0762386948134428, "clustering": 0.22551076652404775, "closeness": 0.31369749029406435, "closeness_norm": 2.721178784646644e-05, "eigen": 0, "path": [2.810533448609519, 2.810533448609519, 5], "Delta_time": 143806.3103448276}