{"betweenss": 6194.114407147165, "betweeness_norm": 1.0748072729343752, "clustering": 0.22637694428994778, "closeness": 0.3139143521199551, "closeness_norm": 2.7230599594028184e-05, "eigen": 0, "path": [2.808586257654577, 2.808586257654577, 5], "Delta_time": 113151.65}