{"betweenss": 6189.516697024881, "betweeness_norm": 1.0740094749032914, "clustering": 0.22783315391809889, "closeness": 0.3140194414332004, "closeness_norm": 2.7239715599687645e-05, "eigen": 0, "path": [2.807040626578149, 2.807040626578149, 5], "Delta_time": 157207.96363636362}