{"betweenss": 6201.144938849885, "betweeness_norm": 1.0760272159496111, "clustering": 0.22592968981945818, "closeness": 0.31372746521894757, "closeness_norm": 2.7214388030790077e-05, "eigen": 0, "path": [2.810186384340253, 2.810186384340253, 5], "Delta_time": 135002.05357142858}