{"betweenss": 6202.663283892779, "betweeness_norm": 1.0762906802945948, "clustering": 0.22494061933407314, "closeness": 0.3136924224820459, "closeness_norm": 2.7211348237512365e-05, "eigen": 0, "path": [2.8107816088388904, 2.8107816088388904, 5], "Delta_time": 181644.91228070174}