{"betweenss": 6191.661809350351, "betweeness_norm": 1.0743816963666166, "clustering": 0.22571456919551772, "closeness": 0.31395667642987185, "closeness_norm": 2.7234271029655808e-05, "eigen": 0, "path": [2.807390490561289, 2.807390490561289, 5], "Delta_time": 124673.5172413793}