{"betweenss": 6204.189608812587, "betweeness_norm": 1.076555529313639, "clustering": 0.22605760514412598, "closeness": 0.31365359430772166, "closeness_norm": 2.720798007527086e-05, "eigen": 0, "path": [2.8111702404495476, 2.8111702404495476, 5], "Delta_time": 131100.78181818183}