{"betweenss": 6199.988984300498, "betweeness_norm": 1.0758266338687537, "clustering": 0.22698934253511796, "closeness": 0.3137676008795618, "closeness_norm": 2.7217869611342802e-05, "eigen": 0, "path": [2.810236112380194, 2.810236112380194, 5], "Delta_time": 168684.30188679244}