{"betweenss": 6198.260386850552, "betweeness_norm": 1.0755266863719783, "clustering": 0.2267552924622623, "closeness": 0.31380146811685256, "closeness_norm": 2.7220807435535456e-05, "eigen": 0, "path": [2.8095972552619104, 2.8095972552619104, 5], "Delta_time": 135554.1090909091}