{"betweenss": 6200.7308526325, "betweeness_norm": 1.0759553634056096, "clustering": 0.22786826343380612, "closeness": 0.31374924652681485, "closeness_norm": 2.7216277457218657e-05, "eigen": 0, "path": [2.810553399218278, 2.810553399218278, 5], "Delta_time": 85615.25}