{"betweenss": 6204.583745337874, "betweeness_norm": 1.07662392017245, "clustering": 0.22478946796889032, "closeness": 0.3136579322422839, "closeness_norm": 2.7208356370774278e-05, "eigen": 0, "path": [2.8119561548796144, 2.8119561548796144, 5], "Delta_time": 156903.0}