{"betweenss": 6205.158643420954, "betweeness_norm": 1.0767236769092983, "clustering": 0.2244369986731003, "closeness": 0.31362373692709133, "closeness_norm": 2.7205390087360574e-05, "eigen": 0, "path": [2.8111971425110838, 2.8111971425110838, 5], "Delta_time": 160725.58620689655}