{"betweenss": 6191.677422152826, "betweeness_norm": 1.0743844055115561, "clustering": 0.2280781653223944, "closeness": 0.3139763572815133, "closeness_norm": 2.7235978251345868e-05, "eigen": 0, "path": [2.8079244569032933, 2.8079244569032933, 5], "Delta_time": 131078.52631578947}