{"betweenss": 6194.939023332477, "betweeness_norm": 1.0749503609393807, "clustering": 0.22664463048656291, "closeness": 0.31389906650228055, "closeness_norm": 2.7229273638296446e-05, "eigen": 0, "path": [2.8091054531079034, 2.8091054531079034, 5], "Delta_time": 119334.1}