{"betweenss": 6202.214155607566, "betweeness_norm": 1.0762127472252823, "clustering": 0.2287308166705742, "closeness": 0.3137055354992372, "closeness_norm": 2.7212485730329598e-05, "eigen": 0, "path": [2.81065440718947, 2.81065440718947, 5], "Delta_time": 128348.26666666666}