{"betweenss": 6196.168271315806, "betweeness_norm": 1.0751636609506288, "clustering": 0.225138274590483, "closeness": 0.3138529695695768, "closeness_norm": 2.7225274945313717e-05, "eigen": 0, "path": [2.808836460596712, 2.808836460596712, 5], "Delta_time": 175321.29032258064}