{"betweenss": 6193.169659120531, "betweeness_norm": 1.0746433395641624, "clustering": 0.22526046337554625, "closeness": 0.3139330532761464, "closeness_norm": 2.7232221831726832e-05, "eigen": 0, "path": [2.8082388472568995, 2.8082388472568995, 5], "Delta_time": 141469.61016949153}