{"betweenss": 6189.53057507159, "betweeness_norm": 1.0740118830321281, "clustering": 0.22515620489675495, "closeness": 0.31383475771573655, "closeness_norm": 2.722369515230195e-05, "eigen": 0, "path": [2.8077632670092907, 2.8077632670092907, 5], "Delta_time": 238206.18181818182}