{"betweenss": 6197.576285887774, "betweeness_norm": 1.0754079806713888, "clustering": 0.22504945902230097, "closeness": 0.3138244614766017, "closeness_norm": 2.72228020017873e-05, "eigen": 0, "path": [2.8094294074067925, 2.8094294074067925, 5], "Delta_time": 129292.59322033898}