{"betweenss": 6198.659814381114, "betweeness_norm": 1.0755959953299097, "clustering": 0.22497173599712264, "closeness": 0.3138010034134407, "closeness_norm": 2.722076712469124e-05, "eigen": 0, "path": [2.809952825786654, 2.809952825786654, 5], "Delta_time": 138855.68421052632}