{"betweenss": 6199.710295775845, "betweeness_norm": 1.0757782756316603, "clustering": 0.2251379738169678, "closeness": 0.3137598384242452, "closeness_norm": 2.7217196254705538e-05, "eigen": 0, "path": [2.809742093334653, 2.809742093334653, 5], "Delta_time": 214311.88}