{"betweenss": 6200.090901205676, "betweeness_norm": 1.0758443185648587, "clustering": 0.22671004145670756, "closeness": 0.31373544841308837, "closeness_norm": 2.7215080535486367e-05, "eigen": 0, "path": [2.8092229944249913, 2.8092229944249913, 5], "Delta_time": 137015.1379310345}