{"betweenss": 6196.970509150858, "betweeness_norm": 1.0753028658479007, "clustering": 0.22477592150297424, "closeness": 0.31382554162072895, "closeness_norm": 2.72228956992308e-05, "eigen": 0, "path": [2.8088373402145534, 2.8088373402145534, 5], "Delta_time": 122492.70689655172}