{"betweenss": 6199.591378263512, "betweeness_norm": 1.0757576409777379, "clustering": 0.22673758355170462, "closeness": 0.3137748017585802, "closeness_norm": 2.7218494253867284e-05, "eigen": 0, "path": [2.8101339605421556, 2.8101339605421556, 5], "Delta_time": 261714.55737704918}