{"betweenss": 6200.909272269985, "betweeness_norm": 1.0759863229118998, "clustering": 0.22790203202220527, "closeness": 0.3137438011404711, "closeness_norm": 2.7215805095460764e-05, "eigen": 0, "path": [2.8106296184186297, 2.8106296184186297, 5], "Delta_time": 169880.1935483871}