{"betweenss": 6200.401595975334, "betweeness_norm": 1.0758982305490692, "clustering": 0.22525169889366387, "closeness": 0.3137517952001264, "closeness_norm": 2.7216498542689653e-05, "eigen": 0, "path": [2.810202494160217, 2.810202494160217, 5], "Delta_time": 195994.74074074073}