{"betweenss": 6196.453204961405, "betweeness_norm": 1.07521310284571, "clustering": 0.22631641127440918, "closeness": 0.31384964214345584, "closeness_norm": 2.7224986306684195e-05, "eigen": 0, "path": [2.809112508185143, 2.809112508185143, 5], "Delta_time": 130133.33928571429}