{"betweenss": 6195.813427010152, "betweeness_norm": 1.0751020881065727, "clustering": 0.22716671552114912, "closeness": 0.31385840777314666, "closeness_norm": 2.7225746683999625e-05, "eigen": 0, "path": [2.80852314370183, 2.80852314370183, 5], "Delta_time": 236032.68333333332}