{
    "betweenss": 6040.5510451904165,
    "betweeness_norm": 1.0481608457878206,
    "clustering": 0.640444009589422,
    "closeness": 0.25328508827902324,
    "closeness_norm": 0.00002197129495827693,
    "eigen": 0,
    "path": [
        3.14954824858019,
        3.14954824858019,
        7
    ]
}