{"betweenss": 6040.5510451904165, "clustering": 0.640444009589422, "closeness": 0.25328508827902324, "eigen": 0.004338454053411344, "path": [3.14954824858019, 3.14954824858019, 7]}