{"betweenss": 723.0808466342818, "clustering": 0.00011566323047782002, "closeness": 0.00244109456595798, "eigen": 0.0013861210202784364, "path": [12.936555223103943, 12.936555223103943, 31]}